<?xml version = "1.0" encoding = "UTF-8"?>

<beans xmlns = "http://www.springframework.org/schema/beans"
   xmlns:xsi = "http://www.w3.org/2001/XMLSchema-instance"
   xmlns:aop = "http://www.springframework.org/schema/aop"
   xsi:schemaLocation = "http://www.springframework.org/schema/beans
   http://www.springframework.org/schema/beans/spring-beans-3.0.xsd
   http://www.springframework.org/schema/aop 
   http://www.springframework.org/schema/aop/spring-aop-3.0.xsd ">
   
	<!-- Definition for movie bean -->
   <!--  <bean id = "MovieBean" class = "Prog1.Movie">
      <property name = "movieId" value = "M001"/>
      <property name = "movieName" value = "The Firm"/>
      <property name = "movieActor" value = "Tom Cruise"/>
   </bean>
<bean id = "StudentBean" class = "Prog2.Student" scope="prototype" autowire = "byName">
   </bean>
   
   <bean id = "test" class = "Prog2.Test" scope="prototype">
   		<property name = "testId" value = "T001"/>
   		<property name = "testTitle" value = "Core Java Test"/>
   		
   
   </bean>
   
   <bean id = "test1" class = "Prog2.Test" scope="prototype">
   		<property name = "testId" value = "T002"/>
   		<property name = "testTitle" value = "Python Test"/>
   		
   
   </bean>-->
   <aop:aspectj-autoproxy/>
   <!-- Definition for student bean -->
   <bean id = "StuBean" class = "Prog4.Student" scope="prototype">
   </bean>
   <bean id = "StuDetailBean" class = "Prog4.StudentDetails">
   </bean>
   
   <!-- Definition for logging aspect -->
   <bean id = "logging" class = "Prog4.logging"/> 
   
   <bean id = "main4" class = "Prog4.Main4"/> 
</beans>